Codon,Count,Frequency (%)
AAA,2,1.3513513513513513
AAC,3,2.027027027027027
AAG,9,6.081081081081082
AAT,3,2.027027027027027
ACC,3,2.027027027027027
ACT,2,1.3513513513513513
AGC,3,2.027027027027027
AGG,2,1.3513513513513513
AGT,1,0.6756756756756757
ATA,1,0.6756756756756757
ATC,2,1.3513513513513513
ATG,3,2.027027027027027
ATT,1,0.6756756756756757
CAC,7,4.72972972972973
CAG,3,2.027027027027027
CAT,2,1.3513513513513513
CCC,1,0.6756756756756757
CCT,2,1.3513513513513513
CGG,1,0.6756756756756757
CTA,1,0.6756756756756757
CTC,4,2.7027027027027026
CTG,11,7.4324324324324325
GAA,1,0.6756756756756757
GAC,3,2.027027027027027
GAG,4,2.7027027027027026
GAT,6,4.054054054054054
GCA,1,0.6756756756756757
GCC,9,6.081081081081082
GCT,10,6.756756756756757
GGA,3,2.027027027027027
GGC,8,5.405405405405405
GGT,3,2.027027027027027
GTC,2,1.3513513513513513
GTG,10,6.756756756756757
GTT,2,1.3513513513513513
TAA,1,0.6756756756756757
TAC,3,2.027027027027027
TCC,1,0.6756756756756757
TCT,3,2.027027027027027
TGG,2,1.3513513513513513
TGT,1,0.6756756756756757
TTC,3,2.027027027027027
TTG,1,0.6756756756756757
TTT,4,2.7027027027027026
