Codon,Count,Frequency (%)
AAA,3,2.027027027027027
AAC,5,3.3783783783783785
AAG,8,5.405405405405405
AAT,1,0.6756756756756757
ACA,1,0.6756756756756757
ACC,3,2.027027027027027
ACT,3,2.027027027027027
AGG,3,2.027027027027027
AGT,2,1.3513513513513513
ATG,2,1.3513513513513513
CAC,6,4.054054054054054
CAG,3,2.027027027027027
CAT,3,2.027027027027027
CCA,2,1.3513513513513513
CCT,5,3.3783783783783785
CTC,3,2.027027027027027
CTG,15,10.135135135135135
GAA,2,1.3513513513513513
GAC,2,1.3513513513513513
GAG,6,4.054054054054054
GAT,5,3.3783783783783785
GCC,9,6.081081081081082
GCT,6,4.054054054054054
GGC,8,5.405405405405405
GGG,1,0.6756756756756757
GGT,4,2.7027027027027026
GTC,2,1.3513513513513513
GTG,13,8.783783783783784
GTT,3,2.027027027027027
TAA,1,0.6756756756756757
TAC,1,0.6756756756756757
TAT,2,1.3513513513513513
TCC,2,1.3513513513513513
TCT,1,0.6756756756756757
TGG,2,1.3513513513513513
TGT,2,1.3513513513513513
TTC,3,2.027027027027027
TTT,5,3.3783783783783785
